City,Latitude,Longitude,Max Temp,Humidity,Cloudiness,Wind Speed,Country,Date
Geraldton,-28.77,114.6,68.0,45,75,18.34,AU,1588751668
Halifax,44.65,-63.57,37.0,73,95,3.0,CA,1588751386
Torbay,47.67,-52.73,35.01,92,90,11.41,CA,1588751668
Nikolskoye,59.7,30.79,61.0,38,23,8.95,RU,1588751541
Busselton,-33.65,115.33,57.99,56,86,17.65,AU,1588751669
Barrow,71.29,-156.79,12.2,85,1,11.41,US,1588751669
Bluff,-46.6,168.33,53.53,76,100,22.88,NZ,1588751532
Papillion,41.15,-96.04,45.0,87,40,5.97,US,1588751669
Ushuaia,-54.8,-68.3,35.6,69,40,5.82,AR,1588751531
Arraial do Cabo,-22.97,-42.03,72.91,83,74,9.08,BR,1588751670
Frontera,26.93,-101.45,73.29,82,80,11.7,MX,1588751670
Mataura,-46.19,168.86,48.11,83,100,3.74,NZ,1588751670
Salalah,17.02,54.09,89.6,62,20,12.75,OM,1588751670
Esperance,-33.87,121.9,59.0,38,75,32.21,AU,1588751435
Sitka,57.05,-135.33,51.8,57,40,8.05,US,1588751670
Cape Town,-33.93,18.42,73.0,72,0,9.17,ZA,1588751509
Tromsø,69.65,18.96,37.4,69,90,31.09,NO,1588751671
Malbork,54.04,19.03,55.0,100,3,18.34,PL,1588751671
Chui,-33.7,-53.46,54.91,71,68,14.5,UY,1588751604
Broken Hill,-31.95,141.43,71.6,21,93,11.41,AU,1588751672
Yellowknife,62.46,-114.35,33.8,59,40,13.87,CA,1588751672
Dikson,73.51,80.55,10.72,92,3,12.35,RU,1588751672
Hīt,33.64,42.83,76.69,28,0,19.15,IQ,1588751672
Thunder Bay,48.4,-89.32,35.01,79,5,4.7,CA,1588751413
Tilichiki,60.47,166.1,29.86,98,100,36.15,RU,1588751672
Port Hardy,50.7,-127.42,50.0,66,90,9.17,CA,1588751673
Lorengau,-2.02,147.27,80.94,84,100,6.6,PG,1588751673
Ust-Maya,60.42,134.53,46.96,62,41,1.88,RU,1588751673
Vaini,-21.2,-175.2,77.0,94,75,6.93,TO,1588751542
Jamestown,42.1,-79.24,39.2,48,90,9.17,US,1588751445
Zhigansk,66.77,123.37,31.14,98,100,16.96,RU,1588751674
Castro,-24.79,-50.01,57.63,87,99,4.25,BR,1588751674
Zaysan,47.47,84.87,53.71,39,12,16.26,KZ,1588751674
Lebu,-37.62,-73.65,52.5,70,0,16.98,CL,1588751674
Lagoa,39.05,-27.98,61.86,86,54,12.77,PT,1588751675
Lyuban',52.8,28.0,54.48,75,83,5.53,BY,1588751675
Hasaki,35.73,140.83,60.8,100,75,6.93,JP,1588751675
Guerrero Negro,27.98,-114.06,66.15,74,0,7.16,MX,1588751660
Port Lincoln,-34.73,135.87,69.85,31,84,17.09,AU,1588751676
East London,-33.02,27.91,68.0,60,9,5.82,ZA,1588751535
Cidreira,-30.18,-50.21,57.79,76,12,16.42,BR,1588751676
Mar del Plata,-38.0,-57.56,55.0,57,75,13.87,AR,1588751676
Mahébourg,-20.41,57.7,82.4,69,40,13.87,MU,1588751676
Hithadhoo,-0.6,73.08,85.05,73,0,10.04,MV,1588751550
Buraidah,26.33,43.98,80.6,36,43,12.75,SA,1588751677
Puerto Ayora,-0.74,-90.35,75.0,94,8,1.01,EC,1588751529
Mana,5.66,-53.78,78.3,85,100,11.79,GF,1588751677
Rosarito,32.33,-117.03,66.2,88,1,3.36,MX,1588751678
Zhuhai,22.28,113.57,87.8,89,40,11.41,CN,1588751589
Santa Cruz Cabrália,-16.28,-39.02,69.8,88,40,3.36,BR,1588751678
Cayenne,4.93,-52.33,77.0,100,90,10.67,GF,1588751678
Rockhampton,-23.38,150.5,75.2,47,0,12.75,AU,1588751678
Najrān,17.49,44.13,87.8,52,20,5.82,SA,1588751679
Saint-Philippe,-21.36,55.77,80.6,69,13,5.82,RE,1588751679
Dauphin,51.15,-100.05,37.4,69,90,5.82,CA,1588751679
Khatanga,71.97,102.5,12.27,90,100,16.84,RU,1588751679
Djambala,-2.54,14.75,71.44,92,100,4.12,CG,1588751680
Palmer,42.16,-72.33,37.0,80,1,2.51,US,1588751680
Saskylakh,71.92,114.08,9.32,93,90,11.14,RU,1588751536
Punta Arenas,-53.15,-70.92,33.8,80,100,5.82,CL,1588751506
Karratha,-20.74,116.85,84.45,37,3,10.85,AU,1588751606
Poum,-20.23,164.02,69.06,78,100,9.55,NC,1588751681
Port Alfred,-33.59,26.89,65.08,76,84,11.07,ZA,1588751681
Rikitea,-23.12,-134.97,73.63,67,100,14.32,PF,1588751681
Bredasdorp,-34.53,20.04,62.6,88,75,3.36,ZA,1588751681
Fare,-16.7,-151.02,82.47,77,31,11.54,PF,1588751681
Airai,-8.93,125.41,67.19,100,100,3.33,TL,1588751604
Mocuba,-16.84,36.99,74.19,73,83,7.07,MZ,1588751682
Panabá,21.28,-88.27,74.79,92,68,3.67,MX,1588751682
Dudinka,69.41,86.18,28.4,86,75,11.18,RU,1588751682
Biak,-0.91,122.88,84.96,70,93,2.93,ID,1588751683
Codrington,-38.27,141.97,58.78,54,100,11.72,AU,1588751591
Port Blair,11.67,92.75,87.6,66,94,9.1,IN,1588751683
Ponta do Sol,32.67,-17.1,62.6,82,40,4.7,PT,1588751683
Krutinka,56.01,71.51,65.93,35,0,16.22,RU,1588751683
Calama,-22.47,-68.93,48.2,21,0,19.46,CL,1588751683
Palencia,42.42,-4.5,57.99,69,35,4.38,ES,1588751684
Nicoya,10.15,-85.45,72.0,88,58,18.99,CR,1588751684
Ancud,-41.87,-73.82,48.0,100,40,2.24,CL,1588751684
Olafsvik,64.89,-23.71,41.94,89,100,8.43,IS,1588751684
Kapaa,22.08,-159.32,75.2,78,75,13.87,US,1588751684
Laguna,38.42,-121.42,57.99,71,1,4.7,US,1588751685
Rio Grande,-32.03,-52.1,53.01,82,36,7.0,BR,1588751685
George Town,5.41,100.34,91.4,66,20,9.17,MY,1588751562
Uíge,-7.61,15.06,75.29,75,98,4.18,AO,1588751685
New Norfolk,-42.78,147.06,57.99,68,100,1.99,AU,1588751686
Vengerovo,55.68,76.75,67.91,38,49,18.97,RU,1588751686
Cherskiy,68.75,161.3,30.47,95,100,2.68,RU,1588751553
Bilibino,68.05,166.44,25.99,92,100,2.37,RU,1588751686
Vila Franca do Campo,37.72,-25.43,60.8,93,75,10.29,PT,1588751686
Yaoundé,3.87,11.52,73.4,100,20,2.24,CM,1588751488
Narsaq,60.92,-46.05,41.0,75,100,3.36,GL,1588751687
Vao,-22.67,167.48,72.09,72,100,28.5,NC,1588751687
Besuki,-7.73,113.7,84.99,70,60,2.26,ID,1588751687
Billings Metropolitan Area,45.78,-108.5,44.6,48,1,3.36,US,1588751396
Znamenskoye,57.13,73.83,73.11,29,0,15.55,RU,1588751688
Tacuarembó,-31.73,-55.98,43.93,89,0,10.38,UY,1588751688
Teya,60.38,92.63,45.82,61,47,7.54,RU,1588751689
Sioux Lookout,50.1,-91.92,32.0,98,5,2.24,CA,1588751689
Gornopravdinsk,60.05,69.9,72.99,42,100,13.04,RU,1588751689
Saint Paul Harbor,57.79,-152.41,44.6,81,90,19.46,US,1588751690
Eskil,38.4,33.41,57.96,52,0,9.93,TR,1588751690
Saint George,37.1,-113.58,66.2,22,1,9.17,US,1588751690
Harar,9.31,42.13,72.18,63,43,2.86,ET,1588751690
Tocopilla,-22.09,-70.2,62.46,69,8,2.86,CL,1588751691
Bethel,41.37,-73.41,41.0,69,1,6.93,US,1588751691
Aklavik,68.22,-135.01,23.0,85,90,11.41,CA,1588751691
Hermanus,-34.42,19.23,66.99,74,3,11.14,ZA,1588751632
Souillac,-20.52,57.52,82.4,69,40,13.87,MU,1588751692
Haimen,23.19,116.61,98.6,44,40,13.42,CN,1588751692
Olavarría,-36.89,-60.32,44.4,86,5,11.01,AR,1588751692
Iglesias,39.31,8.54,73.0,82,5,4.7,IT,1588751692
San Patricio,19.22,-104.7,72.73,75,15,2.46,MX,1588751693
Albany,42.6,-73.97,39.99,93,78,2.13,US,1588751532
Hervey Bay,-25.3,152.85,71.01,62,0,5.01,AU,1588751693
Stornoway,58.21,-6.39,48.99,87,0,1.12,GB,1588751693
Nānākuli,21.39,-158.15,75.2,73,90,12.3,US,1588751694
Hilo,19.73,-155.09,73.4,73,40,4.7,US,1588751565
Ufa,54.77,56.04,73.4,27,0,13.42,RU,1588751694
Cockburn Town,21.46,-71.14,79.7,81,100,17.02,TC,1588751694
Aksu,41.12,80.26,77.25,17,100,5.14,CN,1588751695
Staroye Drozhzhanoye,54.73,47.57,65.32,47,85,17.67,RU,1588751695
Rindal,63.06,9.21,44.6,87,75,19.46,NO,1588751695
Brădeni,46.08,24.83,46.4,70,40,14.99,RO,1588751695
Pokhara,28.23,83.98,83.35,32,12,2.33,NP,1588751696
Neiafu,-18.65,-173.98,81.1,82,1,10.98,TO,1588751696
Butaritari,3.07,172.79,83.07,80,26,10.83,KI,1588751696
Stillwater,36.12,-97.06,51.8,87,1,3.36,US,1588751696
Anderson,34.53,-82.65,62.6,82,1,6.93,US,1588751697
Qaanaaq,77.48,-69.36,11.34,88,100,6.58,GL,1588751578
Bereda,43.27,-7.54,64.0,93,61,1.99,ES,1588751697
Port Hawkesbury,45.62,-61.35,34.0,96,90,13.87,CA,1588751697
Saldanha,-33.01,17.94,59.0,63,0,1.12,ZA,1588751619
Yar-Sale,66.83,70.83,34.05,98,19,8.77,RU,1588751698
Thompson,55.74,-97.86,23.0,73,5,6.93,CA,1588751589
Coolum Beach,-26.53,153.1,70.0,64,6,1.01,AU,1588751698
Lodja,-3.48,23.43,77.88,91,98,3.22,CD,1588751698
Saint-Donat-de-Montcalm,46.32,-74.22,35.01,6,0,1.01,CA,1588751699
Tsimmerbude,54.67,20.13,50.0,81,11,17.9,RU,1588751699
San Quintín,30.48,-115.95,65.77,76,0,11.03,MX,1588751699
Constitución,-35.33,-72.42,53.31,59,0,6.26,CL,1588751699
Hobart,-42.88,147.33,57.99,67,75,6.93,AU,1588751700
Hong Kong,22.29,114.16,87.8,66,40,11.41,HK,1588751681
Taoudenni,22.68,-3.98,97.11,9,0,8.86,ML,1588751700
Miraflores,19.22,-98.81,59.0,72,75,5.82,MX,1588751700
Tigre,-34.43,-58.58,48.99,87,0,9.17,AR,1588751700
Vostok,46.49,135.88,52.11,42,1,10.54,RU,1588751565
Katsuura,35.13,140.3,66.2,88,75,2.24,JP,1588751701
Faya,18.39,42.45,78.8,29,20,4.7,SA,1588751701
Dospat,41.65,24.17,57.18,54,82,5.57,BG,1588751701
San Ignacio,17.16,-89.07,78.01,88,99,1.99,BZ,1588751702
Wamba,8.93,8.6,87.42,52,0,4.32,NG,1588751702
Bambous Virieux,-20.34,57.76,82.4,69,40,13.87,MU,1588751702
Yulara,-25.24,130.99,82.4,8,52,12.75,AU,1588751703
Atambua,-9.11,124.89,80.49,79,83,2.28,ID,1588751703
Tiksi,71.69,128.87,25.92,98,100,11.27,RU,1588751704
Les Cayes,18.2,-73.75,76.57,83,100,2.89,HT,1588751704
Yerbogachën,61.28,108.01,37.22,92,100,11.05,RU,1588751704
Nanchang,28.68,115.88,75.72,83,100,4.65,CN,1588751704
Merauke,-8.47,140.33,81.52,74,87,18.81,ID,1588751704
Tura,25.52,90.22,88.74,46,76,4.56,IN,1588751705
Mt. Pleasant,32.79,-79.86,73.4,88,40,8.05,US,1588751643
Marawi,8.0,124.29,84.0,87,98,4.0,PH,1588751705
Tuktoyaktuk,69.45,-133.04,28.9,99,100,7.09,CA,1588751537
Ossora,59.24,163.07,34.47,96,100,19.84,RU,1588751705
Tymovskoye,50.85,142.66,45.99,56,80,7.54,RU,1588751706
Vardø,70.37,31.11,41.0,89,75,16.11,NO,1588751706
Bengkulu,-3.8,102.27,86.02,72,95,12.46,ID,1588751706
Cumanayagua,22.15,-80.2,77.0,83,100,4.7,CU,1588751706
Awjilah,29.11,21.29,75.97,26,0,5.77,LY,1588751707
Port Elizabeth,-33.92,25.57,64.4,88,75,18.34,ZA,1588751707
Kutum,14.2,24.67,86.22,14,100,15.39,SD,1588751707
Carnarvon,-24.87,113.63,71.46,59,0,20.07,AU,1588751707
Måløy,61.94,5.11,46.99,93,75,11.41,NO,1588751707
Moussoro,13.64,16.49,94.41,10,48,22.01,TD,1588751708
Tuatapere,-46.13,167.68,48.88,82,100,5.77,NZ,1588751708
Vila,42.03,-8.16,53.01,92,100,3.38,PT,1588751708
San Policarpo,12.18,125.51,85.48,74,99,8.72,PH,1588751708
Rawson,-43.3,-65.1,48.69,52,0,6.35,AR,1588751504
Shimoda,34.67,138.95,66.2,82,75,6.93,JP,1588751709
Londoko,49.03,131.98,61.45,28,0,9.08,RU,1588751709
Bathsheba,13.22,-59.52,80.6,74,40,21.92,BB,1588751709
‘Āhuimanu,21.44,-157.84,80.6,57,40,10.29,US,1588751710
Marang,5.21,103.21,91.4,70,20,5.82,MY,1588751710
Jizan,17.33,42.67,93.2,67,40,13.87,SA,1588751710
Manokwari,-0.87,134.08,83.95,79,15,12.28,ID,1588751710
Fairbanks,64.84,-147.72,51.8,40,1,3.04,US,1588751491
Srednekolymsk,67.45,153.68,32.16,95,100,5.46,RU,1588751658
Manaure,11.78,-72.44,78.04,83,96,8.84,CO,1588751711
Geilo,60.53,8.21,32.0,89,66,20.0,NO,1588751711
Anadyr,64.75,177.48,28.4,74,95,13.42,RU,1588751523
Tiarei,-17.53,-149.33,78.8,83,40,5.82,PF,1588751711
Erenhot,43.65,111.98,80.8,14,100,24.94,CN,1588751712
Naze,28.37,129.48,77.0,83,40,18.34,JP,1588751712
Nizhniy Baskunchak,48.22,46.83,71.92,43,100,9.89,RU,1588751712
Shenzhen,22.55,114.07,88.0,66,40,11.41,CN,1588751462
Matara,5.95,80.54,82.85,84,100,13.49,LK,1588751713
Karpathos,35.51,27.21,68.0,68,0,16.11,GR,1588751501
Upernavik,72.79,-56.15,18.43,90,0,8.08,GL,1588751589
Kahului,20.89,-156.47,71.6,73,20,11.41,US,1588751713
Bangassou,4.74,22.82,85.46,59,86,2.48,CF,1588751714
Aksarayskiy,46.79,48.01,75.2,44,100,24.61,RU,1588751714
Kaeo,-35.1,173.78,48.99,62,0,1.99,NZ,1588751714
Walvis Bay,-22.96,14.51,87.28,19,0,24.34,NA,1588751714
Paamiut,61.99,-49.67,35.82,96,100,8.86,GL,1588751714
Taltal,-25.4,-70.48,58.39,74,22,2.04,CL,1588751620
Pangnirtung,66.15,-65.71,9.19,82,0,3.27,CA,1588751715
Isangel,-19.55,169.27,70.41,89,100,11.34,VU,1588751715
Tessalit,20.2,1.01,95.16,10,0,14.7,ML,1588751715
Altay,47.87,88.12,51.13,44,99,8.72,CN,1588751715
Djibouti,11.5,42.5,89.6,62,20,11.41,DJ,1588751716
Al Bardīyah,31.76,25.09,67.75,50,0,9.69,LY,1588751716
Port Macquarie,-31.43,152.92,62.01,84,0,4.54,AU,1588751716
Cabo San Lucas,22.89,-109.91,69.01,64,0,8.5,MX,1588751717
Atar,20.52,-13.05,86.25,14,0,8.9,MR,1588751717
Bandarbeyla,9.49,50.81,86.5,60,63,6.89,SO,1588751650
São Filipe,14.9,-24.5,75.06,72,40,11.18,CV,1588751552
Husavik,66.04,-17.34,44.6,42,39,3.36,IS,1588751717
Usol'ye-Sibirskoye,52.75,103.65,56.66,35,100,14.12,RU,1588751718
Huron,41.15,-82.55,41.0,86,100,10.33,US,1588751718
Redmond,47.67,-122.12,55.99,87,100,8.57,US,1588751684
Atuona,-9.8,-139.03,81.1,76,5,17.65,PF,1588751718
Sisimiut,66.94,-53.67,27.48,85,0,7.67,GL,1588751718
Acaraú,-2.89,-40.12,76.37,88,6,10.22,BR,1588751719
Dingle,11.0,122.67,90.9,57,64,7.65,PH,1588751719
Lavrentiya,65.58,-171.0,21.11,94,0,0.36,RU,1588751719
Springfield,37.22,-93.3,50.0,70,1,6.93,US,1588751719
Spremberg,51.57,14.37,50.0,77,93,4.0,DE,1588751720
Lubao,14.92,120.55,98.6,47,75,9.17,PH,1588751720
Llanes,43.42,-4.75,64.0,82,22,5.26,ES,1588751720
Puerto Escondido,15.85,-97.07,80.35,70,100,6.17,MX,1588751720
Qasigiannguit,68.82,-51.19,19.4,73,100,2.24,GL,1588751721
Popondetta,-8.75,148.25,75.38,95,100,1.36,PG,1588751721
Gazli,40.13,63.45,76.98,31,0,4.16,UZ,1588751721
Yokadouma,3.52,15.05,80.02,68,98,2.84,CM,1588751721
Padang,-0.95,100.35,87.28,62,100,6.38,ID,1588751570
Flinders,-34.58,150.86,69.01,58,57,1.99,AU,1588751722
Beloha,-25.17,45.05,79.41,53,62,6.89,MG,1588751722
Leningradskiy,69.38,178.42,18.86,93,0,7.58,RU,1588751722
Kavieng,-2.57,150.8,83.5,73,41,3.71,PG,1588751560
Daman,20.42,72.85,95.36,40,0,11.01,IN,1588751722
Hobbs,32.7,-103.14,59.0,44,1,5.82,US,1588751723
Abonnema,4.71,6.79,82.4,88,20,4.7,NG,1588751723
Warrington,53.39,-2.58,52.0,75,0,8.05,GB,1588751723
Hualmay,-11.1,-77.61,66.54,85,100,6.51,PE,1588751723
Ulaanbaatar,47.91,106.88,55.4,35,75,24.61,MN,1588751723
Lagos,6.58,3.75,82.4,94,40,2.24,NG,1588751573
Havelock,34.88,-76.9,68.0,93,1,6.93,US,1588751724
Majene,-3.54,118.97,85.39,67,99,0.94,ID,1588751724
Weiser,44.25,-116.97,64.4,47,1,5.82,US,1588751724
Twentynine Palms,34.14,-116.05,75.2,22,1,10.29,US,1588751725
Avarua,-21.21,-159.78,73.4,100,26,2.24,CK,1588751528
Kearney,40.7,-99.08,50.0,61,40,8.05,US,1588751725
Uray,60.12,64.78,71.87,42,99,15.46,RU,1588751725
Maiduguri,11.85,13.16,95.2,14,1,14.05,NG,1588751726
Le Mans,48.0,0.2,55.4,82,90,2.24,FR,1588751634
Margate,51.38,1.39,54.0,81,0,5.99,GB,1588751556
Voh,-20.97,164.7,65.89,88,100,5.21,NC,1588751726
Nanortalik,60.14,-45.24,39.87,77,100,8.08,GL,1588751726
Yurimaguas,-5.9,-76.08,73.27,94,66,1.48,PE,1588751727
Talnakh,69.49,88.4,28.4,86,75,11.18,RU,1588751727
Taku,39.02,117.65,73.4,40,91,13.42,CN,1588751727
Severo-Kuril'sk,50.68,156.12,33.4,91,99,24.16,RU,1588751727
Tauragė,55.25,22.29,54.16,53,100,13.73,LT,1588751728
Provideniya,64.38,-173.3,31.82,91,0,2.82,RU,1588751728
Nikolayevsk-on-Amur,53.14,140.73,47.73,52,100,7.27,RU,1588751728
Oga,46.46,10.35,57.99,75,75,10.29,IT,1588751728
Ola,59.58,151.28,38.05,73,99,12.3,RU,1588751729
Ashcroft,50.72,-121.29,57.2,41,75,10.29,CA,1588751729
Assiut,27.18,31.18,66.2,55,0,12.75,EG,1588751729
Lompoc,34.64,-120.46,59.0,82,1,6.93,US,1588751729
Uni,57.75,51.49,69.57,40,0,15.01,RU,1588751729
Stutterheim,-32.57,27.42,68.0,60,20,5.82,ZA,1588751730
Pavlohrad,48.52,35.87,59.0,82,40,6.71,UA,1588751730
Tahoua,14.89,5.27,89.6,8,0,4.7,NE,1588751730
El Salvador,13.83,-88.92,75.2,94,40,2.24,SV,1588751730
Nouadhibou,20.93,-17.03,62.6,93,26,13.87,MR,1588751526
San Cristobal,7.77,-72.22,66.76,89,51,2.55,VE,1588751731
Chokurdakh,70.63,147.92,19.96,97,90,4.85,RU,1588751555
Eureka,40.8,-124.16,52.0,93,0,1.01,US,1588751578
Ahualulco del Sonido Trece,22.4,-101.17,59.0,77,90,5.82,MX,1588751731
Birjand,32.87,59.22,84.2,11,33,6.93,IR,1588751732
Bako,5.78,36.57,73.56,86,100,2.59,ET,1588751732
El Batey,19.77,-70.52,78.01,88,50,1.01,DO,1588751732
Santa Cruz de la Sierra,-17.8,-63.17,71.6,94,90,6.93,BO,1588751733
Mount Gambier,-37.83,140.77,62.6,48,100,11.41,AU,1588751733
Parbhani,19.27,76.78,109.4,18,40,4.7,IN,1588751733
Sabaudia,41.3,13.03,71.01,65,4,3.0,IT,1588751733
Clyde River,70.47,-68.59,1.4,84,1,4.7,CA,1588751570
Boffa,10.17,-14.03,80.56,81,81,7.99,GN,1588751734
Roseţi,44.22,27.43,59.0,93,90,9.17,RO,1588751734
Lappeenranta,61.06,28.19,59.0,54,0,4.7,FI,1588751734
Santiago del Estero,-27.8,-64.26,58.48,38,98,7.92,AR,1588751734
Lima,-12.04,-77.03,64.4,93,100,2.24,PE,1588751705
Ilulissat,69.22,-51.1,19.4,73,0,2.24,GL,1588751606
Kaitangata,-46.28,169.85,53.01,69,94,5.01,NZ,1588751554
Alice Springs,-23.7,133.88,84.2,9,28,8.05,AU,1588751735
Ostrovnoy,68.05,39.51,37.67,88,0,19.8,RU,1588751577
Kiama,-34.68,150.87,69.01,67,71,8.37,AU,1588751735
Bulgan,48.81,103.53,51.58,45,94,11.07,MN,1588751736
Lüderitz,-26.65,15.16,80.83,20,3,8.37,NA,1588751736
Paita,-5.09,-81.11,71.8,77,74,5.99,PE,1588751736
Muros,42.78,-9.06,60.01,88,95,7.0,ES,1588751736
Nome,64.5,-165.41,37.4,69,1,2.89,US,1588751581
Saint-Louis,16.33,-15.0,80.6,44,0,4.7,SN,1588751737
Katangli,51.71,143.23,43.7,61,100,13.29,RU,1588751737
Visnes,59.36,5.22,48.2,81,75,12.75,NO,1588751737
Nainpur,22.43,80.12,104.0,11,28,10.96,IN,1588751737
Lasem,-6.69,111.45,87.01,68,29,9.89,ID,1588751737
Arāria,26.15,87.52,96.76,25,47,5.14,IN,1588751738
Conceição do Araguaia,-8.26,-49.26,73.4,100,57,4.7,BR,1588751738
Norman Wells,65.28,-126.83,35.6,74,20,3.36,CA,1588751562
Praia,14.92,-23.51,71.6,73,20,12.75,CV,1588751500
Henties Bay,-22.12,14.28,85.15,22,0,21.47,NA,1588751739
Arrondissement de Bernay,49.17,0.67,55.99,75,0,1.99,FR,1588751739
Sopur,34.3,74.47,70.48,33,27,6.62,IN,1588751739
Kimbe,-5.55,150.14,79.79,83,100,0.92,PG,1588751739
Ubaíra,-13.27,-39.66,66.34,93,52,2.3,BR,1588751740
Emba,48.83,58.14,69.82,27,39,17.87,KZ,1588751740
Oussouye,12.48,-16.55,75.2,88,40,6.93,SN,1588751740
Amuntai,-2.42,115.25,83.48,88,100,1.07,ID,1588751740
Sinnamary,5.38,-52.95,78.39,85,100,11.36,GF,1588751741
Abbeville,50.1,1.83,54.0,68,2,8.86,FR,1588751741
Tasiilaq,65.61,-37.64,35.6,55,100,21.92,GL,1588751741
Kudahuvadhoo,2.67,72.89,83.89,78,63,13.15,MV,1588751741
Sibu,2.3,111.82,91.4,66,75,5.82,MY,1588751741
Balotra,25.83,72.23,109.0,12,0,16.69,IN,1588751742
Saint-Augustin,51.23,-58.65,33.98,92,100,28.36,CA,1588751742
Havøysund,71.0,24.66,37.4,86,75,10.29,NO,1588751742
Kautokeino,69.01,23.04,33.21,89,75,17.13,NO,1588751742
Muisne,0.6,-80.03,77.54,83,100,5.53,EC,1588751743
Ginir,7.13,40.7,70.45,73,39,4.74,ET,1588751743
Marabá,-5.37,-49.12,78.8,100,100,3.36,BR,1588751743
Honiara,-9.43,159.95,84.2,79,40,3.36,SB,1588751476
Zirándaro de los Chávez,18.45,-100.98,81.23,22,4,2.48,MX,1588751743
Samut Songkhram,13.41,100.0,102.99,40,0,13.06,TH,1588751744
Bara,10.37,10.73,89.4,44,44,3.33,NG,1588751744
Yarega,63.44,53.58,45.05,97,100,6.02,RU,1588751744
Nizip,37.01,37.79,66.2,45,75,11.41,TR,1588751744
Collie,-33.37,116.15,57.99,56,75,12.91,AU,1588751604
Qena,26.16,32.72,77.0,25,0,9.17,EG,1588751745
Pangai,-19.8,-174.35,80.31,82,0,11.43,TO,1588751745
Mahrīz,31.59,54.43,86.0,14,75,2.24,IR,1588751745
Arman',59.7,150.17,37.8,73,100,18.41,RU,1588751567
Haisyn,48.81,29.39,48.67,79,100,10.4,UA,1588751746
Norrköping,58.59,16.18,50.0,57,77,10.29,SE,1588751746
Fortuna,40.6,-124.16,50.0,100,75,4.7,US,1588751746
Kenai,60.55,-151.26,48.2,34,1,5.82,US,1588751575
Turukhansk,65.82,87.98,34.36,83,100,7.14,RU,1588751747
Marabba,12.35,32.18,101.17,8,0,7.94,SD,1588751747
Houma,29.6,-90.72,73.99,72,35,10.0,US,1588751747
Xudat,41.63,48.68,70.2,52,45,9.75,AZ,1588751747
Roebourne,-20.78,117.13,85.98,32,7,11.92,AU,1588751560
Karachev,53.12,34.99,59.0,82,90,4.47,RU,1588751748
Bundaberg,-24.85,152.35,72.0,60,0,16.11,AU,1588751748
Tsimlyansk,47.65,42.1,66.24,70,100,9.24,RU,1588751748
Borogontsy,62.67,131.17,46.47,59,100,2.37,RU,1588751748
Coahuayana Viejo,18.73,-103.68,72.34,75,8,2.39,MX,1588751749
Huarmey,-10.07,-78.15,68.04,83,84,6.6,PE,1588751749
Tripoli,32.88,13.19,83.82,25,0,7.72,LY,1588751749
Burns Lake,54.23,-125.75,41.18,63,100,3.51,CA,1588751749
Pitimbu,-7.47,-34.81,75.2,94,20,6.93,BR,1588751750
Kisangani,0.52,25.2,86.25,62,61,1.14,CD,1588751750
Laas,46.62,10.7,57.99,93,75,8.05,IT,1588751750
Faanui,-16.48,-151.75,82.4,76,93,11.54,PF,1588751750
Klaksvík,62.23,-6.59,46.4,81,100,12.75,FO,1588751750
Zhezkazgan,47.8,67.71,64.4,27,90,22.37,KZ,1588751751
Malibu,34.01,-118.81,73.99,29,8,3.4,US,1588751751
Mossamedes,-15.2,12.15,75.2,94,40,1.48,AO,1588751751
North Bend,43.41,-124.22,51.01,87,90,4.7,US,1588751751
Honningsvåg,70.98,25.97,37.4,86,75,10.29,NO,1588751751
Huimanguillo,17.85,-93.38,80.49,70,100,0.47,MX,1588751752
Athabasca,54.72,-113.29,45.5,64,0,4.12,CA,1588751752
Igrim,63.19,64.42,57.25,48,100,5.08,RU,1588751752
Maragogi,-9.01,-35.22,77.67,84,21,7.47,BR,1588751752
Coquimbo,-29.95,-71.34,51.8,93,90,2.24,CL,1588751752
Kamaishi,39.27,141.88,53.6,87,75,4.7,JP,1588751753
Nishifukuma,33.77,130.47,73.4,49,20,14.99,JP,1588751753
Meybod,32.25,54.02,86.0,16,75,2.24,IR,1588751753
Imbituba,-28.24,-48.67,66.2,88,100,4.7,BR,1588751621
Saint-Paul,-21.01,55.27,84.2,62,35,14.99,RE,1588751753
Schladming,47.39,13.69,50.0,61,40,3.36,AT,1588751651
Russell,32.35,-85.2,69.8,68,40,12.75,US,1588751561
Muroto-misakicho,33.28,134.15,73.4,78,75,2.24,JP,1588751754
Kidal,18.44,1.41,94.19,10,0,20.0,ML,1588751754
Xining,36.62,101.77,69.69,35,100,14.27,CN,1588751588
Shaunavon,49.65,-108.42,44.56,64,98,7.85,CA,1588751755
Vredendal,-31.67,18.5,76.01,23,0,8.23,ZA,1588751755
Forestville,38.85,-76.88,50.0,100,90,6.04,US,1588751755
Xinqing,48.23,129.5,65.64,24,0,9.48,CN,1588751755
Elmira,42.09,-76.81,34.0,69,1,2.06,US,1588751597
Celestún,20.87,-90.4,81.05,72,30,10.69,MX,1588751756
Vrangel',42.73,133.08,55.27,51,81,8.48,RU,1588751756
Skegness,53.14,0.34,50.0,70,0,3.0,GB,1588751756
Nador,35.17,-2.93,73.4,38,19,11.41,MA,1588751757
Ust-Nera,64.57,143.2,32.22,89,85,2.19,RU,1588751757
Povenets,62.85,34.83,50.63,60,73,1.41,RU,1588751757
Coyhaique,-45.58,-72.07,39.2,93,100,8.05,CL,1588751550
Sohag,26.56,31.69,69.8,40,0,11.41,EG,1588751757
Gilroy,37.01,-121.57,57.2,82,20,10.29,US,1588751757
Chernyshevskiy,63.01,112.47,40.86,95,100,10.45,RU,1588751758
Bonthe,7.53,-12.51,82.06,83,88,4.34,SL,1588751758
Saint-Michel-des-Saints,46.68,-73.92,35.01,6,1,1.01,CA,1588751758
Sadova,43.9,23.95,55.0,76,74,14.99,RO,1588751758
Mackay,-21.15,149.2,71.6,73,40,12.75,AU,1588751758
Ayan,56.45,138.17,40.95,68,86,4.07,RU,1588751759
Los Llanos de Aridane,28.66,-17.92,68.0,64,20,4.7,ES,1588751759
Luanda,-8.84,13.23,80.6,78,75,4.7,AO,1588751583
Indramayu,-6.33,108.32,85.98,72,33,10.65,ID,1588751760
Massakory,13.0,15.73,95.05,10,0,21.32,TD,1588751760
Zhangye,38.93,100.45,64.74,39,93,8.08,CN,1588751760
Bianzhuang,34.85,118.04,73.0,99,1,1.01,CN,1588751760
Bairiki Village,1.33,172.98,84.2,74,40,8.05,KI,1588751760
Dhone,15.42,77.88,103.5,19,42,4.54,IN,1588751761
Kurchum,48.57,83.65,55.65,38,0,17.0,KZ,1588751761
Saýat,38.78,63.88,78.8,44,0,4.7,TM,1588751761
La Rioja,42.25,-2.5,60.8,63,0,6.93,ES,1588751596
Rockland,41.17,-74.05,46.0,86,99,5.41,US,1588751723
Baijiantan,45.63,85.18,67.03,21,0,17.81,CN,1588751762
Udachny,66.42,112.4,19.4,62,100,8.95,RU,1588751558
Beringovskiy,63.05,179.32,26.2,96,36,6.46,RU,1588751545
Dicabisagan,17.08,122.42,87.22,73,73,8.34,PH,1588751762
Oktyabr'skiy,54.48,53.47,68.58,36,0,15.52,RU,1588751763
Caohai,26.87,104.28,82.4,27,0,17.63,CN,1588751763
Huangmei,30.19,116.03,77.63,69,100,9.15,CN,1588751763
Tazovsky,67.47,78.7,32.68,99,100,3.94,RU,1588751764
Bataiporã,-22.3,-53.27,65.86,93,100,2.59,BR,1588751612
Pundaguitan,6.37,126.17,84.65,73,100,8.37,PH,1588751764
Hamilton,39.18,-84.53,43.0,81,90,9.17,US,1588751764
Lewiston,44.1,-70.21,35.6,80,1,3.67,US,1588751765
Abaeté,-19.16,-45.45,64.81,88,97,2.64,BR,1588751507
Seinäjoki,62.79,22.83,51.01,50,100,7.0,FI,1588751765
Jinchang,38.5,102.17,66.6,32,100,17.69,CN,1588751765
Vanimo,-2.67,141.3,83.1,80,37,8.37,PG,1588751765
Ranong,9.97,98.63,95.0,59,40,9.17,TH,1588751766
Bangkalan,-7.05,112.74,88.25,65,63,5.97,ID,1588751553
Pavlovka,52.69,47.14,60.96,62,97,20.24,RU,1588751766
Indiaroba,-11.52,-37.51,74.55,94,23,2.66,BR,1588751766
Qeshm,26.96,56.27,95.0,41,89,16.11,IR,1588751767
Craig,40.52,-107.55,42.8,74,1,5.26,US,1588751767
Ubari,26.59,12.78,84.85,14,30,10.83,LY,1588751767
Altamont,42.21,-121.74,50.0,66,1,14.99,US,1588751768
Kinsale,51.71,-8.53,50.0,93,75,17.22,IE,1588751768
Dargaville,-35.93,173.88,52.68,71,0,7.49,NZ,1588751768
Khor,47.89,134.95,60.85,32,0,9.28,RU,1588751768
Valparaíso,-33.04,-71.63,57.2,58,0,4.7,CL,1588751573
Urucará,-2.54,-57.76,74.03,98,99,0.72,BR,1588751769
Saint Anthony,45.02,-93.22,51.8,57,90,6.93,US,1588751703
Mgandu,-5.95,34.13,69.57,77,75,8.99,TZ,1588751769
Mastic Beach,40.77,-72.85,46.0,70,1,3.36,US,1588751769
Mochudi,-24.42,26.15,62.6,63,0,1.12,BW,1588751769
Kibakwe,-6.72,36.37,71.46,81,96,1.79,TZ,1588751770
Porto-Novo,6.5,2.6,84.2,83,40,6.93,BJ,1588751770
Abhā,18.22,42.51,78.8,29,20,4.7,SA,1588751475
Piaçabuçu,-10.41,-36.43,76.91,88,68,5.79,BR,1588751770
Bambanglipuro,-7.95,110.28,83.55,80,91,16.2,ID,1588751648
Hariāna,31.64,75.84,96.51,18,10,6.42,IN,1588751771
Nerang,-27.98,153.33,71.01,68,0,3.0,AU,1588751771
Kattivākkam,13.22,80.32,95.0,56,40,10.29,IN,1588751771
Ketchikan,55.34,-131.65,55.4,81,1,7.45,US,1588751553
San Andrés,12.58,-81.7,82.4,83,75,10.29,CO,1588751657
Menongue,-14.66,17.69,73.85,43,0,12.93,AO,1588751772
Trairi,-3.28,-39.27,74.39,93,12,7.92,BR,1588751772
Dali,25.7,100.18,77.0,37,24,10.04,CN,1588751773
Baião,-2.79,-49.67,73.18,99,88,1.74,BR,1588751773
Wajima,37.4,136.9,57.2,67,75,2.24,JP,1588751773
Kankakee,41.15,-87.87,39.99,80,75,4.7,US,1588751773
Kenora,49.82,-94.43,41.0,52,20,5.82,CA,1588751773
Tezu,27.92,96.17,93.45,35,5,4.18,IN,1588751601
Ürümqi,43.8,87.6,57.2,38,93,4.47,CN,1588751774
Boa Vista,2.82,-60.67,77.0,88,75,8.05,BR,1588751774
Kontagora,10.4,5.47,89.26,47,14,4.52,NG,1588751774
Tarko-Sale,64.92,77.78,38.16,93,92,11.39,RU,1588751775
Eganville,45.53,-77.1,28.4,68,1,2.24,CA,1588751775
Kambove,-10.88,26.6,67.24,67,75,8.63,CD,1588751775
Am Timan,11.03,20.28,89.53,45,100,12.88,TD,1588751775
Talcahuano,-36.72,-73.12,48.2,81,0,9.17,CL,1588751776
Göksun,38.02,36.5,69.8,46,75,16.11,TR,1588751776
Nehe,48.48,124.83,69.75,21,27,4.7,CN,1588751776
Kollo,13.3,2.34,86.0,48,80,2.24,NE,1588751776
Black Diamond,47.31,-122.0,54.0,95,100,3.18,US,1588751777
Cap Malheureux,-19.98,57.61,81.0,74,13,8.99,MU,1588751535
Touros,-5.2,-35.46,75.2,100,40,6.93,BR,1588751777
Rivadavia,-33.19,-68.46,41.0,80,0,1.97,AR,1588751777
Copala,16.65,-98.98,76.21,61,100,3.74,MX,1588751778
Grindavik,63.84,-22.43,41.0,100,75,2.24,IS,1588751778
Chaiyaphum,15.75,102.0,101.03,34,82,6.87,TH,1588751778
Florø,61.6,5.03,46.4,93,75,11.41,NO,1588751778
Tshane,-24.02,21.87,72.14,31,0,9.08,BW,1588751779
Egvekinot,66.32,-179.17,16.38,91,0,0.16,RU,1588751665
Ponta Delgada,37.73,-25.67,60.8,93,75,10.29,PT,1588751779
Ingham,42.6,-84.38,36.0,50,40,4.7,US,1588751779
Ixtapa,20.7,-105.2,73.99,84,0,1.01,MX,1588751637
Byron Bay,-28.65,153.62,68.0,68,40,5.82,AU,1588751645
Fayaoué,-20.65,166.53,71.19,86,100,25.99,NC,1588751780
Canutama,-6.53,-64.38,73.42,98,100,0.16,BR,1588751780
Nizwá,22.93,57.53,100.06,16,0,10.27,OM,1588751780
São João da Barra,-21.64,-41.05,70.05,85,15,7.92,BR,1588751703
Baykit,61.67,96.37,45.16,59,91,8.5,RU,1588751781
Cap-Chat,49.1,-66.68,29.82,96,92,4.97,CA,1588751781
Camacha,33.08,-16.33,64.4,77,40,0.94,PT,1588751782
Koróni,36.8,21.95,70.0,37,87,8.05,GR,1588751782
Maun,-19.98,23.42,68.0,42,0,12.75,BW,1588751720
Dodge City,37.75,-100.02,51.01,49,1,6.93,US,1588751783
Inhambane,-23.86,35.38,78.22,55,0,6.82,MZ,1588751615
Ayr,55.46,-4.63,48.99,66,1,5.82,GB,1588751501
Vestmanna,62.16,-7.17,46.4,81,100,12.75,FO,1588751783
San Vicente,-26.62,-54.13,54.54,100,95,6.76,AR,1588751784
Mūlanūr,10.77,77.72,100.06,26,99,5.75,IN,1588751785
Sheltozero,61.37,35.37,45.01,82,97,9.86,RU,1588751785
Areosa,41.72,-8.86,62.01,87,40,9.17,PT,1588751786
Fort Frances,48.6,-93.4,37.99,64,1,5.82,CA,1588751734
Pīpri,19.8,75.53,104.07,13,43,7.45,IN,1588751786
Province of Mantua,45.17,10.78,64.0,76,91,8.99,IT,1588751787
Hofn,64.25,-15.21,44.4,67,100,14.05,IS,1588751787
Sola,-13.88,167.55,82.62,66,14,2.04,VU,1588751787
Rapid Valley,44.06,-103.15,41.0,80,1,6.93,US,1588751787
Dickinson,29.46,-95.05,75.0,69,75,6.93,US,1588751788
Dunedin,-45.87,170.5,51.01,76,8,1.01,NZ,1588751788
Hirara,24.8,125.28,80.6,74,40,13.87,JP,1588751788
Haines Junction,60.75,-137.51,37.94,73,88,2.13,CA,1588751789
Yārāda,17.65,83.27,93.2,59,20,10.29,IN,1588751789
Ranipur,27.29,68.51,102.2,27,0,4.7,PK,1588751789
Elizabeth City,36.29,-76.25,55.4,93,75,12.75,US,1588751618
Burgeo,47.62,-57.62,37.13,93,100,5.79,CA,1588751790
Batagay-Alyta,67.8,130.41,30.63,96,99,2.35,RU,1588751790
Calatayud,41.35,-1.64,68.0,64,65,3.87,ES,1588751791
Lac du Bonnet,50.25,-96.06,37.99,64,0,3.0,CA,1588751791
Ekibastuz,51.67,75.37,59.41,33,0,6.22,KZ,1588751792
Kabanjahe,3.1,98.49,89.6,66,40,6.93,ID,1588751792
Achinsk,56.27,90.5,53.89,43,20,15.05,RU,1588751792
Mayumba,-3.43,10.66,78.6,89,90,4.88,GA,1588751793
Makīnsk,52.63,70.42,61.0,34,0,5.61,KZ,1588751793
Aksha,50.28,113.29,67.78,25,100,7.67,RU,1588751793
São Gabriel da Cachoeira,-0.13,-67.09,74.01,98,100,0.67,BR,1588751793
Metro,-5.11,105.31,87.57,71,99,7.45,ID,1588751794
Bonavista,48.65,-53.11,35.01,83,100,4.0,CA,1588751673
Manakara,-22.13,48.02,77.05,78,43,7.05,MG,1588751794
Kharod,21.75,82.57,106.02,15,1,10.51,IN,1588751794
Litovel,49.7,17.08,46.99,72,60,8.01,CZ,1588751794
Yakeshi,49.28,120.73,65.95,26,100,11.48,CN,1588751795
Andenes,69.31,16.12,35.6,96,90,21.92,NO,1588751795
Kruisfontein,-34.0,24.73,66.0,72,80,5.93,ZA,1588751561
Ambon City,-3.7,128.18,84.31,77,29,7.38,ID,1588751796
Pacific Grove,36.62,-121.92,55.99,90,97,5.99,US,1588751796
Meulaboh,4.14,96.13,82.11,77,99,3.69,ID,1588751797
Syamzha,60.02,41.06,58.75,90,100,9.19,RU,1588751797
Kushima,31.46,131.23,77.0,83,75,6.93,JP,1588751797
Khorinsk,52.17,109.77,49.84,48,100,15.57,RU,1588751798
Pevek,69.7,170.31,25.21,89,100,7.36,RU,1588751606
Golyshmanovo,56.4,68.37,71.96,28,0,15.61,RU,1588751798
Samarai,-10.62,150.67,80.37,80,100,18.63,PG,1588751799
Shushenskoye,53.33,91.94,57.2,26,97,13.42,RU,1588751799
Gambēla,8.25,34.58,92.57,46,39,4.74,ET,1588751799
Caravelas,-17.71,-39.25,69.62,87,4,4.21,BR,1588751800
Dwārka,22.24,68.97,89.38,57,0,14.81,IN,1588751533
Makkah al Mukarramah,21.43,39.83,97.54,13,0,5.32,SA,1588751654
Pak Kret,13.91,100.5,102.99,47,20,11.41,TH,1588751800
Santiago,-33.46,-70.65,48.2,61,0,2.24,CL,1588751700
Dolinsk,47.35,142.8,48.2,71,40,11.18,RU,1588751801
Buala,-8.14,159.59,82.44,71,72,0.43,SB,1588751801
Zheleznodorozhnyy,55.75,38.0,69.01,64,40,15.66,RU,1588751802
Madimba,-10.4,40.33,82.4,65,40,19.46,TZ,1588751802
Yangi Marg`ilon,40.43,71.72,77.0,31,100,6.93,UZ,1588751586
Sfântu Gheorghe,45.87,25.78,46.99,85,100,8.01,RO,1588751803
Oranjemund,-28.55,16.43,74.05,25,0,5.68,NA,1588751803
Avera,33.19,-82.53,69.8,88,40,8.05,US,1588751803
Chimoio,-19.12,33.48,68.0,82,75,5.59,MZ,1588751803
Medicine Hat,50.05,-110.67,50.0,54,1,2.24,CA,1588751804
Semporna,4.48,118.61,86.0,74,20,4.7,MY,1588751804
Woodward,36.43,-99.39,51.8,65,1,5.82,US,1588751804
Asău,46.43,26.4,46.99,78,96,0.38,RO,1588751580
Ribeira Grande,38.52,-28.7,62.6,88,75,8.05,PT,1588751806
Palu,-0.89,119.87,84.72,74,54,2.33,ID,1588751806
La Ronge,55.1,-105.28,30.2,58,5,4.7,CA,1588751611
Yeppoon,-23.13,150.73,75.2,47,0,12.75,AU,1588751807
Iqaluit,63.75,-68.51,8.6,65,5,2.24,CA,1588751807
Waddān,29.16,16.14,80.02,20,0,5.01,LY,1588751807
Kuala Terengganu,5.33,103.14,91.4,70,20,5.82,MY,1588751807
Badou,7.58,0.6,83.43,72,89,1.88,TG,1588751808
Nantucket,41.28,-70.1,39.2,80,1,5.82,US,1588751655
Adrar,20.5,-10.07,85.41,14,0,14.29,MR,1588751808
Arrondissement d'Arcachon,44.59,-1.05,66.2,68,0,5.82,FR,1588751808
Parakou,9.34,2.63,83.05,68,72,5.75,BJ,1588751809
Safi,32.3,-9.24,64.92,73,100,18.84,MA,1588751653
Santa Cruz,30.42,-9.6,62.6,93,90,3.36,MA,1588751810
Parrita,9.52,-84.32,73.4,69,100,10.29,CR,1588751810
Santa Rosa,14.31,121.11,98.01,50,40,11.41,PH,1588751810
Bracebridge,45.03,-79.32,36.0,74,1,2.24,CA,1588751810
